Scholarship Name,Provider,Amount,Closing Date,Degree(s),Status,Link,,,,,,,,,,,,,,,,,,,,,,,,,,,,,,,,,,,,
RBC Future Launch Scholarship,Royal Bank of Canada (RBC),"$1,500",N/A,N/A,Featured,https://universitystudy.ca/scholarship/13663/,,,,,,,,,,,,,,,,,,,,,,,,,,,,,,,,,,,,
"$2,500 SGI Corporate Scholarship",SGI Canada,N/A,N/A,N/A,N/A,https://universitystudy.ca/scholarship/12675/,,,,,,,,,,,,,,,,,,,,,,,,,,,,,,,,,,,,
2025 Yorkshire Valley Farms Canadian Eco-Scholar Award,Yorkshire Valley Farms,"One $5,000, Two $2,000, One $1,000 third place award",2/6/2025,N/A,N/A,https://universitystudy.ca/scholarship/12724/,,,,,,,,,,,,,,,,,,,,,,,,,,,,,,,,,,,,
2SLGBTQI+ Community Leader Scholarship,Export Development Canada,"$5,000",4/30/2025,N/A,N/A,https://universitystudy.ca/scholarship/14725/,,,,,,,,,,,,,,,,,,,,,,,,,,,,,,,,,,,,
A.O. Putnam Memorial Scholarship,Institute of Industrial and Systems Engineers,"$1,300",1/31/2026,Bachelor,Open,https://universitystudy.ca/scholarship/12364/,,,,,,,,,,,,,,,,,,,,,,,,,,,,,,,,,,,,
AAAE Foundation Native American Scholarship,American Association of Airport Executives,"$2,000",3/14/2025,"Bachelor, Graduate degree",N/A,https://universitystudy.ca/scholarship/12336/,,,,,,,,,,,,,,,,,,,,,,,,,,,,,,,,,,,,
AAAE Foundation Women in Aviation Scholarship,American Association of Airport Executives,"$5,000",3/14/2025,"Bachelor, Graduate degree",N/A,https://universitystudy.ca/scholarship/12337/,,,,,,,,,,,,,,,,,,,,,,,,,,,,,,,,,,,,
Abel Wolman Fellowship,American Water Works Association,"$30,000",12/18/2025,Phd,Open,https://universitystudy.ca/scholarship/12338/,,,,,,,,,,,,,,,,,,,,,,,,,,,,,,,,,,,,
Academic Scholarship,"Society for Mining, Metallurgy, and Exploration","$5,000",4/14/2026,"Bachelor, Graduate degree",N/A,https://universitystudy.ca/scholarship/15084/,,,,,,,,,,,,,,,,,,,,,,,,,,,,,,,,,,,,
Accredited Airport Executive (A.A.E.) Scholarship,American Association of Airport Executives,"$2,000",3/14/2025,"Pre university diploma, Apprenticeship program, Associate degree, Bachelor",N/A,https://universitystudy.ca/scholarship/12339/,,,,,,,,,,,,,,,,,,,,,,,,,,,,,,,,,,,,
Adele Collins Mason ACE Scholarship,Pi Beta Phi Foundation,N/A,2/14/2026,"Pre university diploma, Apprenticeship program, Associate degree, Bachelor",Opening soon,https://universitystudy.ca/scholarship/12590/,,,,,,,,,,,,,,,,,,,,,,,,,,,,,,,,,,,,
Adele Collins Mason Scholarship,Pi Beta Phi Foundation,N/A,2/14/2026,Bachelor,Opening soon,https://universitystudy.ca/scholarship/12340/,,,,,,,,,,,,,,,,,,,,,,,,,,,,,,,,,,,,
Adult Basic Education Transition Award,BC Scholarship Society,"$5,000",4/29/2025,"Pre university diploma, Apprenticeship program, Associate degree, Bachelor",N/A,https://universitystudy.ca/scholarship/14937/,,,,,,,,,,,,,,,,,,,,,,,,,,,,,,,,,,,,
Adult Basic Education Transition Awards,BC Scholarship Society,"$5,000",4/30/2025,"Applied bachelor, Apprenticeship program, Associate degree, Bachelor, Certificate, Diploma, Professional degree, Technical diploma, Vocational technical",N/A,https://universitystudy.ca/scholarship/12743/,,,,,,,,,,,,,,,,,,,,,,,,,,,,,,,,,,,,
AECOM Scholarship,American Water Works Association,"$5,000",12/18/2025,Graduate degree,Open,https://universitystudy.ca/scholarship/12341/,,,,,,,,,,,,,,,,,,,,,,,,,,,,,,,,,,,,
AEO Real Change Scholarship for Social Justice,AEO,"$10,000",3/10/2025,"Pre university diploma, Apprenticeship program, Associate degree, Bachelor",N/A,https://universitystudy.ca/scholarship/12342/,,,,,,,,,,,,,,,,,,,,,,,,,,,,,,,,,,,,
AgCareers.com Feed Your Future Scholarship,AgCareers.com,"$1,000",11/29/2024,N/A,N/A,https://universitystudy.ca/scholarship/13297/,,,,,,,,,,,,,,,,,,,,,,,,,,,,,,,,,,,,
Ages Foundation Diversity Impact Bursary,CIP/ICU Planning Student Trust Fund,"$5,000",10/9/2025,"Bachelor, Graduate degree",N/A,https://universitystudy.ca/scholarship/15051/,,,,,,,,,,,,,,,,,,,,,,,,,,,,,,,,,,,,
AIHA Minority Special Interest Group Scholarship,American Industrial Hygiene Association,N/A,2/18/2026,"Bachelor, Graduate degree, Phd",Opening soon,https://universitystudy.ca/scholarship/12343/,,,,,,,,,,,,,,,,,,,,,,,,,,,,,,,,,,,,
AIST David H. Samson Canadian Scholarship,Association for Iron and Steel Technology,N/A,10/5/2025,"Bachelor, Graduate degree",N/A,https://universitystudy.ca/scholarship/12344/,,,,,,,,,,,,,,,,,,,,,,,,,,,,,,,,,,,,
Aklak Air and Canadian Helicopters Aviation Scholarship,Inuvialuit Education Foundation,N/A,N/A,N/A,N/A,https://universitystudy.ca/scholarship/12685/,,,,,,,,,,,,,,,,,,,,,,,,,,,,,,,,,,,,
Alabama Beta Meg Ingram Memorial Scholarship,Pi Beta Phi Foundation,N/A,2/14/2026,Bachelor,Opening soon,https://universitystudy.ca/scholarship/12345/,,,,,,,,,,,,,,,,,,,,,,,,,,,,,,,,,,,,
Alan Wildeman and Debra Henderson Scholarship in Creative & Dramatic Arts ($3000 x 2 terms),University of Windsor,Variable,4/30/2025,Bachelor,N/A,https://universitystudy.ca/scholarship/14155/,,,,,,,,,,,,,,,,,,,,,,,,,,,,,,,,,,,,
Albert Baker Scholarship,The Albert Baker Fund,"$5,500",8/28/2025,"Pre university diploma, Apprenticeship program, Associate degree, Bachelor, Graduate degree",N/A,https://universitystudy.ca/scholarship/12346/,,,,,,,,,,,,,,,,,,,,,,,,,,,,,,,,,,,,
Alberta Golf Foundation Scholarship,Alberta Golf Foundation,"$3,000",7/14/2026,"Pre university diploma, Apprenticeship program, Associate degree, Bachelor",N/A,https://universitystudy.ca/scholarship/15052/,,,,,,,,,,,,,,,,,,,,,,,,,,,,,,,,,,,,
Alice L. Haltom Educational Scholarship,Alice L. Haltom Educational Fund,N/A,4/30/2025,Bachelor,N/A,https://universitystudy.ca/scholarship/12347/,,,,,,,,,,,,,,,,,,,,,,,,,,,,,,,,,,,,
Alison Parchman Schomburg Education Scholarship,Pi Beta Phi Foundation,N/A,2/14/2026,Bachelor,Opening soon,https://universitystudy.ca/scholarship/12348/,,,,,,,,,,,,,,,,,,,,,,,,,,,,,,,,,,,,
ALSC Bound to Stay Bound Books Scholarship,American Library Association,"$8,000",2/28/2026,"Graduate degree, Phd",Open,https://universitystudy.ca/scholarship/12349/,,,,,,,,,,,,,,,,,,,,,,,,,,,,,,,,,,,,
ALSC Frederic G. Melcher Scholarship,American Library Association,"$8,000",2/28/2026,Graduate degree,Open,https://universitystudy.ca/scholarship/12350/,,,,,,,,,,,,,,,,,,,,,,,,,,,,,,,,,,,,
Alumnae Continuing Education Fund Scholarship,Pi Beta Phi Foundation,N/A,2/14/2026,"Pre university diploma, Apprenticeship program, Associate degree, Bachelor",Opening soon,https://universitystudy.ca/scholarship/14582/,,,,,,,,,,,,,,,,,,,,,,,,,,,,,,,,,,,,
Alumni Entrance Scholarship ($750 x 8 terms),University of Windsor,"$1,500.00",4/30/2025,Bachelor,N/A,https://universitystudy.ca/scholarship/14156/,,,,,,,,,,,,,,,,,,,,,,,,,,,,,,,,,,,,
Alvin and June Sabroff Manufacturing Engineering Scholarship,SME Education Foundation,N/A,1/31/2026,Bachelor,Opening soon,https://universitystudy.ca/scholarship/12351/,,,,,,,,,,,,,,,,,,,,,,,,,,,,,,,,,,,,
AMAA Scholarship,Armenian Missionary Association of America,N/A,4/30/2025,"Associate degree, Bachelor",N/A,https://universitystudy.ca/scholarship/12352/,,,,,,,,,,,,,,,,,,,,,,,,,,,,,,,,,,,,
Amcor Canada Scholarship,Amcor Canada,$500,5/15/2024,Diploma,N/A,https://universitystudy.ca/scholarship/13560/,,,,,,,,,,,,,,,,,,,,,,,,,,,,,,,,,,,,
Amcor Canada Scholarship,Amcor Canada,"$1,000",5/15/2024,Bachelor,N/A,https://universitystudy.ca/scholarship/13346/,,,,,,,,,,,,,,,,,,,,,,,,,,,,,,,,,,,,
Amcor Canada Scholarship,Amcor Canada,"$1,000",5/15/2024,"Bachelor, Diploma",N/A,https://universitystudy.ca/scholarship/13434/,,,,,,,,,,,,,,,,,,,,,,,,,,,,,,,,,,,,
Amcor Canada Scholarship,Amcor Canada,$500,5/15/2024,Diploma,N/A,https://universitystudy.ca/scholarship/13557/,,,,,,,,,,,,,,,,,,,,,,,,,,,,,,,,,,,,
American Bus Association Tony Orlando Yellow Ribbon Scholarship,American Bus Association,"$5,000",4/29/2026,"Pre university diploma, Apprenticeship program, Associate degree, Bachelor, Graduate degree",N/A,https://universitystudy.ca/scholarship/12353/,,,,,,,,,,,,,,,,,,,,,,,,,,,,,,,,,,,,
American Florists' Exchange Scholarship,American Floral Endowment,N/A,4/30/2025,N/A,N/A,https://universitystudy.ca/scholarship/12354/,,,,,,,,,,,,,,,,,,,,,,,,,,,,,,,,,,,,
American Otological Society Fellowship Scholarship,American Otological Society,"$44,000",12/30/2025,N/A,Open,https://universitystudy.ca/scholarship/12356/,,,,,,,,,,,,,,,,,,,,,,,,,,,,,,,,,,,,
American Railway Engineering and Maintenance-of-Way Association Educational Foundation Scholarship,American Railway Engineering and Maintenance-of-Way Association,"$2,500",12/11/2025,Bachelor,Open,https://universitystudy.ca/scholarship/15085/,,,,,,,,,,,,,,,,,,,,,,,,,,,,,,,,,,,,
American Society for Enology and Viticulture Traditional Scholarship,American Society for Enology and Viticulture,N/A,2/28/2025,"Bachelor, Graduate degree",N/A,https://universitystudy.ca/scholarship/12357/,,,,,,,,,,,,,,,,,,,,,,,,,,,,,,,,,,,,
American Water Scholarship,American Water Works Association,"$5,000",12/18/2025,Graduate degree,Open,https://universitystudy.ca/scholarship/12358/,,,,,,,,,,,,,,,,,,,,,,,,,,,,,,,,,,,,
American Welding Society District Scholarship,American Welding Society,"$1,000",2/28/2025,"Pre university diploma, Apprenticeship program, Associate degree, Bachelor",N/A,https://universitystudy.ca/scholarship/12359/,,,,,,,,,,,,,,,,,,,,,,,,,,,,,,,,,,,,
AmericanMuscle Automotive Scholarship Program,AmericanMuscle,"$2,500",10/14/2025,"Pre university diploma, Apprenticeship program, Associate degree, Bachelor",N/A,https://universitystudy.ca/scholarship/12355/,,,,,,,,,,,,,,,,,,,,,,,,,,,,,,,,,,,,
Amy Louise Wheatley Memorial Scholarship,Pi Beta Phi Foundation,N/A,2/14/2026,Bachelor,Opening soon,https://universitystudy.ca/scholarship/12360/,,,,,,,,,,,,,,,,,,,,,,,,,,,,,,,,,,,,
Andre Courtemanche Green Ribbon Scholarship,Canadian Mental Health Association BC,N/A,N/A,N/A,N/A,https://universitystudy.ca/scholarship/12696/,,,,,,,,,,,,,,,,,,,,,,,,,,,,,,,,,,,,
Andre Courtemanche Green Ribbon Scholarship,Canadian Mental Health Association BC,$1,N/A,N/A,N/A,https://universitystudy.ca/scholarship/14506/,,,,,,,,,,,,,,,,,,,,,,,,,,,,,,,,,,,,
Andrea Armstrong Shultz Scholarship,Pi Beta Phi Foundation,N/A,2/14/2026,Bachelor,Opening soon,https://universitystudy.ca/scholarship/12361/,,,,,,,,,,,,,,,,,,,,,,,,,,,,,,,,,,,,
Andrew L. Precop Interdisciplinary Arts & Science Entrance Scholarship ($1250 x 2 terms),University of Windsor,"$2,500.00",4/30/2025,Bachelor,N/A,https://universitystudy.ca/scholarship/14157/,,,,,,,,,,,,,,,,,,,,,,,,,,,,,,,,,,,,
Andrew L. Precop Political Science Entrance Scholarship ($1250 x 2 terms),University of Windsor,"$2,500.00",4/30/2025,Bachelor,N/A,https://universitystudy.ca/scholarship/14158/,,,,,,,,,,,,,,,,,,,,,,,,,,,,,,,,,,,,
Andy Carpenter Scholarship,Inuvialuit Education Foundation,N/A,N/A,N/A,N/A,https://universitystudy.ca/scholarship/12683/,,,,,,,,,,,,,,,,,,,,,,,,,,,,,,,,,,,,
Anglican Healing Fund for Japanese Canadians Education Grant,Anglican Healing Fund for Japanese Canadians,"$10,000",7/30/2026,"Pre university diploma, Apprenticeship program, Associate degree, Bachelor",Open,https://universitystudy.ca/scholarship/14805/,,,,,,,,,,,,,,,,,,,,,,,,,,,,,,,,,,,,
Anglican Healing Fund for Japanese Canadians: Education Grants,Anglican Healing Fund for Japanese Canadians,"$10,000",8/30/2026,"Applied bachelor, Apprenticeship program, Associate degree, Bachelor, Certificate, Dec bacc, Masters, Medical doctorate, Phd, Postdoctoral fellowship, Professional degree, Technical diploma, Vocational technical",N/A,https://universitystudy.ca/scholarship/12772/,,,,,,,,,,,,,,,,,,,,,,,,,,,,,,,,,,,,
Ann Gordon Trammell Scholarship,Pi Beta Phi Foundation,N/A,2/14/2026,Bachelor,Opening soon,https://universitystudy.ca/scholarship/12363/,,,,,,,,,,,,,,,,,,,,,,,,,,,,,,,,,,,,
Annette Mitchell Mills Scholarship,Pi Beta Phi Foundation,N/A,2/14/2026,Bachelor,Opening soon,https://universitystudy.ca/scholarship/12362/,,,,,,,,,,,,,,,,,,,,,,,,,,,,,,,,,,,,
APALA Scholarship,Asian Pacific American Librarians Association,"$2,000",4/6/2025,"Graduate degree, Phd",N/A,https://universitystudy.ca/scholarship/12365/,,,,,,,,,,,,,,,,,,,,,,,,,,,,,,,,,,,,
AQHA Region 1 Quarter Horse Youth Scholarship,American Quarter Horse Association,N/A,1/14/2026,"Associate degree, Bachelor",Open,https://universitystudy.ca/scholarship/12366/,,,,,,,,,,,,,,,,,,,,,,,,,,,,,,,,,,,,
AQHA Region 6 Scholarship,American Quarter Horse Association,N/A,1/14/2026,"Pre university diploma, Apprenticeship program, Associate degree, Bachelor, Graduate degree, Certificate, Diploma, Masters, Medical doctorate, Phd",Open,https://universitystudy.ca/scholarship/12367/,,,,,,,,,,,,,,,,,,,,,,,,,,,,,,,,,,,,
Aramark Canada Ltd. Scholarship,Aramark Canada Ltd.,"$1,125",3/13/2024,Bachelor,N/A,https://universitystudy.ca/scholarship/13342/,,,,,,,,,,,,,,,,,,,,,,,,,,,,,,,,,,,,
Aramark Canada Ltd. Scholarship,Aramark Canada Ltd.,"$1,000",3/13/2024,"Bachelor, Diploma",N/A,https://universitystudy.ca/scholarship/13434/,,,,,,,,,,,,,,,,,,,,,,,,,,,,,,,,,,,,
Aramark Canada Ltd. Scholarship,Aramark Canada Ltd.,$500,3/13/2024,Diploma,N/A,https://universitystudy.ca/scholarship/13557/,,,,,,,,,,,,,,,,,,,,,,,,,,,,,,,,,,,,
Arcadis Scholarship,American Water Works Association,"$5,000",12/18/2025,Graduate degree,Open,https://universitystudy.ca/scholarship/12368/,,,,,,,,,,,,,,,,,,,,,,,,,,,,,,,,,,,,
Arch Insurance Scholars Program Scholarship,Spencer Educational Foundation,N/A,1/30/2026,"Pre university diploma, Apprenticeship program, Associate degree, Bachelor",Open,https://universitystudy.ca/scholarship/12369/,,,,,,,,,,,,,,,,,,,,,,,,,,,,,,,,,,,,
Archbishop Sabbah Bursary,University of Windsor,"$1,800.00",6/30/2025,Bachelor,N/A,https://universitystudy.ca/scholarship/14159/,,,,,,,,,,,,,,,,,,,,,,,,,,,,,,,,,,,,
Argent Memorial Scholarship,North American Society for Trenchless Technology,"$5,000",2/6/2026,Bachelor,Opening soon,https://universitystudy.ca/scholarship/15086/,,,,,,,,,,,,,,,,,,,,,,,,,,,,,,,,,,,,
Arizona Alpha Scholarship,Pi Beta Phi Foundation,N/A,2/14/2026,Bachelor,Opening soon,https://universitystudy.ca/scholarship/12370/,,,,,,,,,,,,,,,,,,,,,,,,,,,,,,,,,,,,
Arizona Beta Scholarship,Pi Beta Phi Foundation,N/A,2/14/2026,Bachelor,Opening soon,https://universitystudy.ca/scholarship/12371/,,,,,,,,,,,,,,,,,,,,,,,,,,,,,,,,,,,,
Arkansas Alpha Scholarship,Pi Beta Phi Foundation,N/A,2/14/2026,Bachelor,Opening soon,https://universitystudy.ca/scholarship/12372/,,,,,,,,,,,,,,,,,,,,,,,,,,,,,,,,,,,,
Arthur W. Marsh Memorial Award,University of Windsor,Variable,4/30/2025,Bachelor,N/A,https://universitystudy.ca/scholarship/14160/,,,,,,,,,,,,,,,,,,,,,,,,,,,,,,,,,,,,
Ascensia Diabetes Care Scholarship,Ascensia Diabetes Care,"$2,000",5/1/2024,Diploma,N/A,https://universitystudy.ca/scholarship/13596/,,,,,,,,,,,,,,,,,,,,,,,,,,,,,,,,,,,,
Ascensia Diabetes Care Scholarship,Ascensia Diabetes Care,"$3,500",5/1/2024,Bachelor,N/A,https://universitystudy.ca/scholarship/13401/,,,,,,,,,,,,,,,,,,,,,,,,,,,,,,,,,,,,
ASEV Presidents' Award in Enology and Viticulture Scholarship,American Society for Enology and Viticulture,N/A,2/28/2025,"Bachelor, Graduate degree, Phd",N/A,https://universitystudy.ca/scholarship/12373/,,,,,,,,,,,,,,,,,,,,,,,,,,,,,,,,,,,,
ASM Outstanding Scholar Awards,ASM International,"$2,000",2/27/2026,Bachelor,Open,https://universitystudy.ca/scholarship/15149/,,,,,,,,,,,,,,,,,,,,,,,,,,,,,,,,,,,,
ASPRS Government Services Scholarship,American Society for Photogrammetry and Remote Sensing,"$7,000",10/31/2025,"Bachelor, Graduate degree",Closing soon,https://universitystudy.ca/scholarship/15087/,,,,,,,,,,,,,,,,,,,,,,,,,,,,,,,,,,,,
Associates Scholarship,Center for Cyber Safety and Education,"$1,000",3/2/2025,Associate degree,N/A,https://universitystudy.ca/scholarship/14743/,,,,,,,,,,,,,,,,,,,,,,,,,,,,,,,,,,,,
Assumption Life Foundation Scholarships,Assumption Life Foundation,"$10,000",4/29/2025,N/A,N/A,https://universitystudy.ca/scholarship/13292/,,,,,,,,,,,,,,,,,,,,,,,,,,,,,,,,,,,,
Assumption Life Scholarship,Assumption Life Foundation,"$8,000",4/29/2025,"Graduate degree, Certificate, Phd",N/A,https://universitystudy.ca/scholarship/14938/,,,,,,,,,,,,,,,,,,,,,,,,,,,,,,,,,,,,
Aufricht Family Fund Student Award,Calgary Foundation,"$5,000",5/29/2025,"Pre university diploma, Associate degree, Bachelor",N/A,https://universitystudy.ca/scholarship/12374/,,,,,,,,,,,,,,,,,,,,,,,,,,,,,,,,,,,,
Auto Value Scholarship,Aftermarket Auto Parts Alliance,N/A,3/30/2025,"Pre university diploma, Apprenticeship program, Associate degree, Bachelor",N/A,https://universitystudy.ca/scholarship/14655/,,,,,,,,,,,,,,,,,,,,,,,,,,,,,,,,,,,,
Autodesk Scholarship,SME Education Foundation,N/A,1/31/2026,"Associate degree, Bachelor",Opening soon,https://universitystudy.ca/scholarship/12375/,,,,,,,,,,,,,,,,,,,,,,,,,,,,,,,,,,,,
Award Database,Mount Royal University,N/A,N/A,"Applied bachelor, Apprenticeship program, Associate degree, Bachelor, Certificate, Dec bacc, Diploma, Masters, Medical doctorate, Phd, Postdoctoral fellowship, Pre university diploma, Professional degree, Technical diploma, Vocational technical",N/A,https://universitystudy.ca/scholarship/14120/,,,,,,,,,,,,,,,,,,,,,,,,,,,,,,,,,,,,
AWS Graduate Research Fellowships,American Welding Society,"$35,000",4/14/2025,"Graduate degree, Phd",N/A,https://universitystudy.ca/scholarship/12376/,,,,,,,,,,,,,,,,,,,,,,,,,,,,,,,,,,,,
Ball Horticultural Company Scholarship,American Floral Endowment,N/A,4/30/2025,Bachelor,N/A,https://universitystudy.ca/scholarship/12377/,,,,,,,,,,,,,,,,,,,,,,,,,,,,,,,,,,,,
Barbara Anderson Blake ACE Scholarship,Pi Beta Phi Foundation,N/A,2/14/2026,"Pre university diploma, Apprenticeship program, Associate degree, Bachelor",Opening soon,https://universitystudy.ca/scholarship/14583/,,,,,,,,,,,,,,,,,,,,,,,,,,,,,,,,,,,,
Baron Barclay National Youth Open Pairs Scholarship,American Contract Bridge League,"$1,000",6/14/2025,"Pre university diploma, Apprenticeship program, Associate degree, Bachelor",N/A,https://universitystudy.ca/scholarship/12378/,,,,,,,,,,,,,,,,,,,,,,,,,,,,,,,,,,,,
BASF Canada Scholarship,BASF Canada,"$2,000",5/1/2024,Bachelor,N/A,https://universitystudy.ca/scholarship/13367/,,,,,,,,,,,,,,,,,,,,,,,,,,,,,,,,,,,,
Bates Wardle Award for Lifeguards,Calgary Foundation,$750,4/29/2025,N/A,N/A,https://universitystudy.ca/scholarship/12379/,,,,,,,,,,,,,,,,,,,,,,,,,,,,,,,,,,,,
Bayer Crop Science Opportunity Scholarship,Bayer CropScience Inc.,"$1,500",5/15/2024,"Bachelor, Diploma",N/A,https://universitystudy.ca/scholarship/13481/,,,,,,,,,,,,,,,,,,,,,,,,,,,,,,,,,,,,
BC Indigenous Student Award Program,BC Scholarship Society,"$3,000 - $5,000",4/2/2025,"Applied bachelor, Apprenticeship program, Associate degree, Bachelor, Certificate, Diploma, Masters, Medical doctorate, Phd, Postdoctoral fellowship, Professional degree, Technical diploma, Vocational technical",N/A,https://universitystudy.ca/scholarship/12745/,,,,,,,,,,,,,,,,,,,,,,,,,,,,,,,,,,,,
BC Indigenous Student Award Program,BC Scholarship Society,"$5,000",4/1/2025,"Pre university diploma, Apprenticeship program, Associate degree, Bachelor, Graduate degree, Certificate, Diploma, Masters, Medical doctorate, Phd",N/A,https://universitystudy.ca/scholarship/14939/,,,,,,,,,,,,,,,,,,,,,,,,,,,,,,,,,,,,
BDC Scholarship,Business Development Bank of Canada,"$2,500",5/15/2024,Bachelor,N/A,https://universitystudy.ca/scholarship/13369/,,,,,,,,,,,,,,,,,,,,,,,,,,,,,,,,,,,,
BDC Scholarship,Business Development Bank of Canada,"$2,500",5/15/2024,N/A,N/A,https://universitystudy.ca/scholarship/13624/,,,,,,,,,,,,,,,,,,,,,,,,,,,,,,,,,,,,
Beedie Graduate Award Studies,Beedie Luminaries Foundation,"$25,000",8/2/2024,N/A,N/A,https://universitystudy.ca/scholarship/13625/,,,,,,,,,,,,,,,,,,,,,,,,,,,,,,,,,,,,
Beedie Luminaries Grade 12 Scholarship,Beedie Luminaries,"$44,000",1/7/2026,"Pre university diploma, Apprenticeship program, Associate degree, Bachelor",Opening soon,https://universitystudy.ca/scholarship/12380/,,,,,,,,,,,,,,,,,,,,,,,,,,,,,,,,,,,,
Beedie Luminaries Single Parent Award,Beedie Luminaries,"$44,000",4/21/2025,"Pre university diploma, Apprenticeship program, Associate degree, Bachelor",N/A,https://universitystudy.ca/scholarship/12381/,,,,,,,,,,,,,,,,,,,,,,,,,,,,,,,,,,,,
BEEDIE RISE,Beedie Luminaries Foundation,"$11,000",1/31/2024,"Bachelor, Certificate, Diploma",N/A,https://universitystudy.ca/scholarship/13534/,,,,,,,,,,,,,,,,,,,,,,,,,,,,,,,,,,,,
BEEDIE RISE,Beedie Luminaries Foundation,"$5,500",1/31/2024,Graduate degree,N/A,https://universitystudy.ca/scholarship/13650/,,,,,,,,,,,,,,,,,,,,,,,,,,,,,,,,,,,,
Beedie SHINE Scholarship Program,Beedie Luminaries Foundation,"$11,000",1/8/2024,"Diploma, Technical diploma, Vocational technical",N/A,https://universitystudy.ca/scholarship/13613/,,,,,,,,,,,,,,,,,,,,,,,,,,,,,,,,,,,,
Beedie SHINE Scholarship Program,Beedie Luminaries Foundation,"$11,000",1/8/2024,Bachelor,N/A,https://universitystudy.ca/scholarship/13403/,,,,,,,,,,,,,,,,,,,,,,,,,,,,,,,,,,,,
belairdirect Scholarship,Belair Insurance Company Inc.,"$1,000",7/31/2024,"Bachelor, Diploma",N/A,https://universitystudy.ca/scholarship/13479/,,,,,,,,,,,,,,,,,,,,,,,,,,,,,,,,,,,,
Bert and Sally de Vries Fellowship,The American Center of Research,"$2,500",2/14/2026,"Associate degree, Bachelor, Graduate degree",Open,https://universitystudy.ca/scholarship/14584/,,,,,,,,,,,,,,,,,,,,,,,,,,,,,,,,,,,,
"Betty Baur Lambert/Fairfield County, CT Alumnae Chapter Scholarship",Kappa Alpha Theta Foundation,N/A,12/30/2025,"Bachelor, Graduate degree",Open,https://universitystudy.ca/scholarship/12382/,,,,,,,,,,,,,,,,,,,,,,,,,,,,,,,,,,,,
Betty Blades Lofton Scholarship,Pi Beta Phi Foundation,N/A,2/14/2026,Bachelor,Opening soon,https://universitystudy.ca/scholarship/12383/,,,,,,,,,,,,,,,,,,,,,,,,,,,,,,,,,,,,
Beyond the North Scholarship,Calgary Foundation,"$1,000",5/31/2025,Bachelor,N/A,https://universitystudy.ca/scholarship/12384/,,,,,,,,,,,,,,,,,,,,,,,,,,,,,,,,,,,,
BFCN 11th Annual Aim 2 Achieve Awards,Black Foundation of Community Networks,"$1,000",7/31/2025,Bachelor,N/A,https://universitystudy.ca/scholarship/15028/,,,,,,,,,,,,,,,,,,,,,,,,,,,,,,,,,,,,
Bill 7 Award,Bill 7 Award,$4.50,N/A,"Applied bachelor, Certificate, Diploma",N/A,https://universitystudy.ca/scholarship/14522/,,,,,,,,,,,,,,,,,,,,,,,,,,,,,,,,,,,,
Bill 7 Award,Bill 7 Award,"$4,000",7/31/2025,"Pre university diploma, Apprenticeship program, Associate degree, Bachelor",N/A,https://universitystudy.ca/scholarship/14806/,,,,,,,,,,,,,,,,,,,,,,,,,,,,,,,,,,,,
Bill 7 Award,Bill 7 Award,N/A,8/1/2024,N/A,N/A,https://universitystudy.ca/scholarship/12729/,,,,,,,,,,,,,,,,,,,,,,,,,,,,,,,,,,,,
Bill Eansor Award ($1250 x 8 terms),University of Windsor,Variable,4/30/2025,Bachelor,N/A,https://universitystudy.ca/scholarship/14161/,,,,,,,,,,,,,,,,,,,,,,,,,,,,,,,,,,,,
Bill Gibson Bursary,Calgary Foundation,"$10,000",5/14/2025,Bachelor,N/A,https://universitystudy.ca/scholarship/12385/,,,,,,,,,,,,,,,,,,,,,,,,,,,,,,,,,,,,
BioWorks IPM/Sustainable Practices Scholarship,American Floral Endowment,N/A,4/30/2025,Bachelor,N/A,https://universitystudy.ca/scholarship/12386/,,,,,,,,,,,,,,,,,,,,,,,,,,,,,,,,,,,,
Black Community Leader Scholarship,Export Development Canada,"$5,000",4/30/2025,N/A,N/A,https://universitystudy.ca/scholarship/14717/,,,,,,,,,,,,,,,,,,,,,,,,,,,,,,,,,,,,
Blue Water Shipmaster's Scholarship,Community Foundation of St. Clair County,N/A,3/16/2025,"Associate degree, Bachelor",N/A,https://universitystudy.ca/scholarship/14656/,,,,,,,,,,,,,,,,,,,,,,,,,,,,,,,,,,,,
BMO Capital Markets Lime Connect Equity Through Education Scholarship,Lime Connect,"$10,000",4/6/2025,"Bachelor, Graduate degree, Masters",N/A,https://universitystudy.ca/scholarship/12387/,,,,,,,,,,,,,,,,,,,,,,,,,,,,,,,,,,,,
Bob Baxter Scholarship,National Press Photographers Foundation,"$2,000",2/8/2025,"Bachelor, Graduate degree",N/A,https://universitystudy.ca/scholarship/12388/,,,,,,,,,,,,,,,,,,,,,,,,,,,,,,,,,,,,
Bob East Scholarship,National Press Photographers Foundation,"$2,000",2/8/2025,"Bachelor, Graduate degree",N/A,https://universitystudy.ca/scholarship/12390/,,,,,,,,,,,,,,,,,,,,,,,,,,,,,,,,,,,,
Bob Rintoul Memorial Scholarship,Alberta Golf Foundation,N/A,7/14/2026,"Pre university diploma, Apprenticeship program, Associate degree, Bachelor",N/A,https://universitystudy.ca/scholarship/15053/,,,,,,,,,,,,,,,,,,,,,,,,,,,,,,,,,,,,
Bobbie Bliss Pittman Scholarship,Pi Beta Phi Foundation,N/A,2/14/2026,Bachelor,Opening soon,https://universitystudy.ca/scholarship/12389/,,,,,,,,,,,,,,,,,,,,,,,,,,,,,,,,,,,,
Bold Award,Phycological Society of America,"$1,000",5/31/2026,Graduate degree,Open,https://universitystudy.ca/scholarship/15155/,,,,,,,,,,,,,,,,,,,,,,,,,,,,,,,,,,,,
Bora Laskin Scholarship,Sigma Alpha Mu Foundation,"$1,000",1/29/2025,N/A,N/A,https://universitystudy.ca/scholarship/12391/,,,,,,,,,,,,,,,,,,,,,,,,,,,,,,,,,,,,
Bourse Baker Tilly (1000$),Université de Hearst,"$1,000",N/A,Bachelor,N/A,https://universitystudy.ca/scholarship/12756/,,,,,,,,,,,,,,,,,,,,,,,,,,,,,,,,,,,,
Bourse Bernard Paul Lacroix (5000$),Université de Hearst,"$5,000",N/A,Diploma,N/A,https://universitystudy.ca/scholarship/12751/,,,,,,,,,,,,,,,,,,,,,,,,,,,,,,,,,,,,
Bourse Club Richelieu de Timmins (2000$),Université de Hearst,"$2,000",N/A,Bachelor,N/A,https://universitystudy.ca/scholarship/12753/,,,,,,,,,,,,,,,,,,,,,,,,,,,,,,,,,,,,
Bourse d'études de l'Aluminerie Alcoa de Baie-Comeau,Alcoa Canada Cie.,"$1,000",5/15/2024,N/A,N/A,https://universitystudy.ca/scholarship/13552/,,,,,,,,,,,,,,,,,,,,,,,,,,,,,,,,,,,,
Bourse d'excellence de 6000$ ou de 8000$,Université de Hearst,N/A,N/A,Bachelor,N/A,https://universitystudy.ca/scholarship/12768/,,,,,,,,,,,,,,,,,,,,,,,,,,,,,,,,,,,,
Bourse d'un ancien (1000$),Université de Hearst,"$1,000",N/A,Bachelor,N/A,https://universitystudy.ca/scholarship/12757/,,,,,,,,,,,,,,,,,,,,,,,,,,,,,,,,,,,,
Bourse de l'Alliance de la Francophonie de Timmins (250$),Université de Hearst,$250,N/A,Bachelor,N/A,https://universitystudy.ca/scholarship/12755/,,,,,,,,,,,,,,,,,,,,,,,,,,,,,,,,,,,,
Bourse de l'APUH (1000$),Université de Hearst,"$1,000",N/A,Bachelor,N/A,https://universitystudy.ca/scholarship/12762/,,,,,,,,,,,,,,,,,,,,,,,,,,,,,,,,,,,,
Bourse de la Caisse Alliance - Hearst (1000$),Université de Hearst,"$1,000",N/A,Bachelor,N/A,https://universitystudy.ca/scholarship/12758/,,,,,,,,,,,,,,,,,,,,,,,,,,,,,,,,,,,,
Bourse de la Caisse Alliance - Timmins (500$),Université de Hearst,$500,N/A,Bachelor,N/A,https://universitystudy.ca/scholarship/12754/,,,,,,,,,,,,,,,,,,,,,,,,,,,,,,,,,,,,
Bourse de mérite de 4000$ à 6000$,Université de Hearst,N/A,N/A,Bachelor,N/A,https://universitystudy.ca/scholarship/12767/,,,,,,,,,,,,,,,,,,,,,,,,,,,,,,,,,,,,
Bourse Denis-Cheff (1000$),Université de Hearst,"$1,000",N/A,Bachelor,N/A,https://universitystudy.ca/scholarship/12761/,,,,,,,,,,,,,,,,,,,,,,,,,,,,,,,,,,,,
Bourse en psychologie (1000$),Université de Hearst,"$1,000",N/A,Bachelor,N/A,https://universitystudy.ca/scholarship/12759/,,,,,,,,,,,,,,,,,,,,,,,,,,,,,,,,,,,,
Bourse Georgette Lemoyne,Canadian Federation for University Women,"$5,000",1/10/2024,"Masters, Phd",N/A,https://universitystudy.ca/scholarship/13619/,,,,,,,,,,,,,,,,,,,,,,,,,,,,,,,,,,,,
Bourse Jacqueline et Jean-Noël Lafrance (1000 $),Université de Hearst,"$1,000",N/A,Bachelor,N/A,https://universitystudy.ca/scholarship/12760/,,,,,,,,,,,,,,,,,,,,,,,,,,,,,,,,,,,,
Bourse Maurice-Saulnier,Université de Hearst,"$1,000",N/A,Bachelor,N/A,https://universitystudy.ca/scholarship/12765/,,,,,,,,,,,,,,,,,,,,,,,,,,,,,,,,,,,,
Bourse Mgr Louis-Levesque,Université de Hearst,"$3,000",N/A,Bachelor,N/A,https://universitystudy.ca/scholarship/12769/,,,,,,,,,,,,,,,,,,,,,,,,,,,,,,,,,,,,
Bourse Mgr Louis-Levesque,Université de Hearst,"$3,000",N/A,Bachelor,N/A,https://universitystudy.ca/scholarship/12770/,,,,,,,,,,,,,,,,,,,,,,,,,,,,,,,,,,,,
Bourse Roger-Bernard (1000$),Université de Hearst,"$1,000",N/A,Bachelor,N/A,https://universitystudy.ca/scholarship/12764/,,,,,,,,,,,,,,,,,,,,,,,,,,,,,,,,,,,,
Bourse Rose et Maurice Lecours (1000$),Université de Hearst,"$1,000",N/A,Bachelor,N/A,https://universitystudy.ca/scholarship/12763/,,,,,,,,,,,,,,,,,,,,,,,,,,,,,,,,,,,,
Bourses d'étude de 3000$ ou de 4000$,Université de Hearst,N/A,N/A,Bachelor,N/A,https://universitystudy.ca/scholarship/12766/,,,,,,,,,,,,,,,,,,,,,,,,,,,,,,,,,,,,
BP Canada Energy Scholarship,Inuvialuit Education Foundation,N/A,N/A,N/A,N/A,https://universitystudy.ca/scholarship/12687/,,,,,,,,,,,,,,,,,,,,,,,,,,,,,,,,,,,,
Brian Fudge Memorial Scholarship,Nupge,"$2,500",7/14/2026,"Pre university diploma, Apprenticeship program, Associate degree, Bachelor",N/A,https://universitystudy.ca/scholarship/15088/,,,,,,,,,,,,,,,,,,,,,,,,,,,,,,,,,,,,
Brian Fudge Memorial Scholarship,Nupge,"$2,500",7/31/2024,N/A,N/A,https://universitystudy.ca/scholarship/12741/,,,,,,,,,,,,,,,,,,,,,,,,,,,,,,,,,,,,
Brian Keith Briggs Memorial Entrance Scholarship ($1750 x 2 terms),University of Windsor,Variable,4/30/2025,Bachelor,N/A,https://universitystudy.ca/scholarship/14162/,,,,,,,,,,,,,,,,,,,,,,,,,,,,,,,,,,,,
Brian Ruestow Scholarship,SME Education Foundation,N/A,1/31/2026,Bachelor,Opening soon,https://universitystudy.ca/scholarship/12392/,,,,,,,,,,,,,,,,,,,,,,,,,,,,,,,,,,,,
Bristol-Myers Squibb Canada Co. Scholarship,Bristol-Myers Squibb Canada Co.,"$2,000",5/15/2024,"Bachelor, Professional degree",N/A,https://universitystudy.ca/scholarship/13536/,,,,,,,,,,,,,,,,,,,,,,,,,,,,,,,,,,,,
Bristol-Myers Squibb Canada Co. Scholarship,Bristol-Myers Squibb Canada Co.,"$1,000",5/15/2024,Diploma,N/A,https://universitystudy.ca/scholarship/13567/,,,,,,,,,,,,,,,,,,,,,,,,,,,,,,,,,,,,
Bristol-Myers Squibb Canada Co. Scholarship,Bristol-Myers Squibb Canada Co.,"$2,500",5/15/2024,N/A,N/A,https://universitystudy.ca/scholarship/13642/,,,,,,,,,,,,,,,,,,,,,,,,,,,,,,,,,,,,
Broadridge Canada Scholarship,Broadridge Financial Solutions (Canada) Inc.,"$1,500",5/15/2024,"Bachelor, Diploma",N/A,https://universitystudy.ca/scholarship/13456/,,,,,,,,,,,,,,,,,,,,,,,,,,,,,,,,,,,,
Brown & Caldwell Scholarship,American Water Works Association,"$5,000",12/18/2025,"Bachelor, Graduate degree",Open,https://universitystudy.ca/scholarship/12421/,,,,,,,,,,,,,,,,,,,,,,,,,,,,,,,,,,,,
Buddy Daye Scholarship,The Community Foundation of Nova Scotia,N/A,4/29/2025,"Pre university diploma, Apprenticeship program, Associate degree, Bachelor",N/A,https://universitystudy.ca/scholarship/15010/,,,,,,,,,,,,,,,,,,,,,,,,,,,,,,,,,,,,
Build a Dream Prize - Faculty of Science,University of Windsor,$500.00,4/30/2025,Bachelor,N/A,https://universitystudy.ca/scholarship/14163/,,,,,,,,,,,,,,,,,,,,,,,,,,,,,,,,,,,,
Bunge Canada Scholarship,Bunge Canada,"$1,500",5/1/2024,"Bachelor, Diploma",N/A,https://universitystudy.ca/scholarship/13448/,,,,,,,,,,,,,,,,,,,,,,,,,,,,,,,,,,,,
Bunzl Canada Inc. Scholarship,Bunzl Canada Inc.,"$3,000",5/1/2024,"Bachelor, Diploma",N/A,https://universitystudy.ca/scholarship/13449/,,,,,,,,,,,,,,,,,,,,,,,,,,,,,,,,,,,,
Burger King Scholarship,Burger King Foundation,"$1,000",12/15/2025,"Pre university diploma, Apprenticeship program, Associate degree, Bachelor",Open,https://universitystudy.ca/scholarship/12393/,,,,,,,,,,,,,,,,,,,,,,,,,,,,,,,,,,,,
Burns Lodge Legacy Scholarship,The Community Foundation of Nova Scotia,N/A,4/29/2025,"Pre university diploma, Apprenticeship program, Associate degree, Bachelor",N/A,https://universitystudy.ca/scholarship/15011/,,,,,,,,,,,,,,,,,,,,,,,,,,,,,,,,,,,,
Bursaries for Postsecondary Studies in French as a Second Language (FSL Bursary Program),Association des collèges et université de la francophonie canadienne (ACUFC),"$3,000",N/A,N/A,N/A,https://universitystudy.ca/scholarship/14848/,,,,,,,,,,,,,,,,,,,,,,,,,,,,,,,,,,,,
Burton MacDonald and Rosemarie Sampson Fellowship,The American Center of Research,"$2,500",2/14/2026,"Associate degree, Bachelor, Graduate degree",Open,https://universitystudy.ca/scholarship/14585/,,,,,,,,,,,,,,,,,,,,,,,,,,,,,,,,,,,,
C. Thomas Hardin and Mary C. Hardin Documentary Photojournalism Scholarship,National Press Photographers Foundation,"$2,000",2/8/2025,"Bachelor, Graduate degree",N/A,https://universitystudy.ca/scholarship/12418/,,,,,,,,,,,,,,,,,,,,,,,,,,,,,,,,,,,,
C.D. Howe Scholarship Endowment Fund Thunder Bay / Port Arthur Scholarship Program,C.D. Howe Memorial Foundation,"$5,500",5/15/2024,Bachelor,N/A,https://universitystudy.ca/scholarship/13360/,,,,,,,,,,,,,,,,,,,,,,,,,,,,,,,,,,,,
C.D. Howe Scholarship Endowment Fund Thunder Bay / Port Arthur Scholarship Program,C.D. Howe Memorial Foundation,"$5,500",5/15/2024,Bachelor,N/A,https://universitystudy.ca/scholarship/13361/,,,,,,,,,,,,,,,,,,,,,,,,,,,,,,,,,,,,
C.M. Dare Award (Dare Foods Limited),Dare Foods Limited,"$2,000",3/6/2024,Diploma,N/A,https://universitystudy.ca/scholarship/13585/,,,,,,,,,,,,,,,,,,,,,,,,,,,,,,,,,,,,
C.M. Dare Award (Dare Foods Limited),Dare Foods Limited,"$2,000",3/6/2024,Diploma,N/A,https://universitystudy.ca/scholarship/13586/,,,,,,,,,,,,,,,,,,,,,,,,,,,,,,,,,,,,
C.M. Dare Award (Dare Foods Limited),Dare Foods Limited,"$2,000",3/6/2024,Diploma,N/A,https://universitystudy.ca/scholarship/13611/,,,,,,,,,,,,,,,,,,,,,,,,,,,,,,,,,,,,
C.M. Dare Award (Dare Foods Limited),Dare Foods Limited,"$3,000",3/6/2024,Bachelor,N/A,https://universitystudy.ca/scholarship/13390/,,,,,,,,,,,,,,,,,,,,,,,,,,,,,,,,,,,,
C.M. Dare Award (Dare Foods Limited),Dare Foods Limited,"$3,000",3/6/2024,Bachelor,N/A,https://universitystudy.ca/scholarship/13391/,,,,,,,,,,,,,,,,,,,,,,,,,,,,,,,,,,,,
C.M. Dare Award (Dare Foods Limited),Dare Foods Limited,"$3,000",3/6/2024,Bachelor,N/A,https://universitystudy.ca/scholarship/13430/,,,,,,,,,,,,,,,,,,,,,,,,,,,,,,,,,,,,
Cadence First-Generation Student Scholarship,Cadence Design Systems,"$5,000",2/26/2026,"Bachelor, Graduate degree, Phd",Open,https://universitystudy.ca/scholarship/15089/,,,,,,,,,,,,,,,,,,,,,,,,,,,,,,,,,,,,
CAFC Scholarship,Children's Aid Foundation of Canada,"$5,000",1/31/2026,"Pre university diploma, Apprenticeship program, Associate degree, Bachelor",N/A,https://universitystudy.ca/scholarship/14940/,,,,,,,,,,,,,,,,,,,,,,,,,,,,,,,,,,,,
Calgary Black Chambers Anderson Ruffin Abbott Academic AchievementScholarship,Calgary Foundation,"$2,500",5/31/2025,"Associate degree, Bachelor",N/A,https://universitystudy.ca/scholarship/12394/,,,,,,,,,,,,,,,,,,,,,,,,,,,,,,,,,,,,
Calgary Black Chambers Blakes Law Scholarship,Calgary Foundation,"$7,000",5/31/2025,Diploma,N/A,https://universitystudy.ca/scholarship/12395/,,,,,,,,,,,,,,,,,,,,,,,,,,,,,,,,,,,,
Calgary Black Chambers BMO Community Leadership Scholarship,Calgary Foundation,"$5,000",5/31/2025,"Associate degree, Bachelor",N/A,https://universitystudy.ca/scholarship/12396/,,,,,,,,,,,,,,,,,,,,,,,,,,,,,,,,,,,,
Calgary Black Chambers John Ware Fellowship Scholarship,Calgary Foundation,"$2,500",5/31/2025,"Associate degree, Bachelor",N/A,https://universitystudy.ca/scholarship/12397/,,,,,,,,,,,,,,,,,,,,,,,,,,,,,,,,,,,,
Calgary Black Chambers Olivier Le Jeune Advocacy Scholarship,Calgary Foundation,"$2,500",5/31/2025,"Associate degree, Bachelor",N/A,https://universitystudy.ca/scholarship/12398/,,,,,,,,,,,,,,,,,,,,,,,,,,,,,,,,,,,,
Calgary Black Chambers Violet King Legacy Scholarship,Calgary Foundation,"$2,500",5/31/2025,"Associate degree, Bachelor",N/A,https://universitystudy.ca/scholarship/12400/,,,,,,,,,,,,,,,,,,,,,,,,,,,,,,,,,,,,
Calgary Catholic School District Kerry Dyte Educational Scholarship,Calgary Foundation,"$4,000",5/29/2025,"Associate degree, Bachelor",N/A,https://universitystudy.ca/scholarship/12401/,,,,,,,,,,,,,,,,,,,,,,,,,,,,,,,,,,,,
"Calgary Foundation First Nations, Métis and Inuit Graduate Bursary",Calgary Foundation,"$3,000",5/14/2025,"Graduate degree, Certificate, Diploma",N/A,https://universitystudy.ca/scholarship/12402/,,,,,,,,,,,,,,,,,,,,,,,,,,,,,,,,,,,,
California P.E.O. Scholarship,P.E.O. Foundation-California State Chapter,N/A,1/14/2026,"Pre university diploma, Apprenticeship program, Associate degree, Bachelor, Graduate degree",Open,https://universitystudy.ca/scholarship/15156/,,,,,,,,,,,,,,,,,,,,,,,,,,,,,,,,,,,,
Cameco - Northern Saskatchewan Scholarship,Northern Affairs Office - Cameco Corp,N/A,N/A,N/A,N/A,https://universitystudy.ca/scholarship/12692/,,,,,,,,,,,,,,,,,,,,,,,,,,,,,,,,,,,,
Camello-Doctor Family Music Heritage Bursary,University of Windsor,$900.00,4/30/2025,Bachelor,N/A,https://universitystudy.ca/scholarship/14164/,,,,,,,,,,,,,,,,,,,,,,,,,,,,,,,,,,,,
Canada Graduate Scholarships - Doctoral program,Government of Canada,"$40,000",10/17/2025,Phd,N/A,https://universitystudy.ca/scholarship/14704/,,,,,,,,,,,,,,,,,,,,,,,,,,,,,,,,,,,,
Canada Graduate Scholarships - Michael Smith Foreign Study Supplements,Government of Canada,"$6,000",6/10/2025,N/A,N/A,https://universitystudy.ca/scholarship/14709/,,,,,,,,,,,,,,,,,,,,,,,,,,,,,,,,,,,,
Canadian Caribbean Association of Waterloo Region Scholarships,Canadian Caribbean Association of Waterloo Region,$1.50,N/A,N/A,N/A,https://universitystudy.ca/scholarship/14504/,,,,,,,,,,,,,,,,,,,,,,,,,,,,,,,,,,,,
Canadian Caribbean Association of Waterloo Region Scholarships,Canadian Caribbean Association of Waterloo Region,N/A,N/A,N/A,N/A,https://universitystudy.ca/scholarship/12690/,,,,,,,,,,,,,,,,,,,,,,,,,,,,,,,,,,,,
Canadian Hard of Hearing Association Scholarships - Newfoundland and Labrador,Canadian Hard of Hearing Association - Newfoundland and Labrador,N/A,N/A,N/A,N/A,https://universitystudy.ca/scholarship/12682/,,,,,,,,,,,,,,,,,,,,,,,,,,,,,,,,,,,,
Canadian Home Economics Association (CHEA) Fellowship,Canadian Federation for University Women,"$6,000",1/10/2024,"Masters, Phd",N/A,https://universitystudy.ca/scholarship/13548/,,,,,,,,,,,,,,,,,,,,,,,,,,,,,,,,,,,,
Canadian Insurance Claims Education Benevolent Foundation Scholarship,Canadian Independent Adjusters' Association (CIAA),$1,7/30/2024,N/A,N/A,https://universitystudy.ca/scholarship/12775/,,,,,,,,,,,,,,,,,,,,,,,,,,,,,,,,,,,,
Canadian Italian Business & Professional Association Scholarships,University of Windsor,"$1,100.00",4/30/2025,Bachelor,N/A,https://universitystudy.ca/scholarship/14165/,,,,,,,,,,,,,,,,,,,,,,,,,,,,,,,,,,,,
Canadian Red Angus Promotion Society Scholarship,Canadian Angus Foundation,N/A,N/A,N/A,N/A,https://universitystudy.ca/scholarship/12673/,,,,,,,,,,,,,,,,,,,,,,,,,,,,,,,,,,,,
Canadian Scholarship,Horatio Alger Association of Canada,"$10,000",3/30/2025,Bachelor,N/A,https://universitystudy.ca/scholarship/14744/,,,,,,,,,,,,,,,,,,,,,,,,,,,,,,,,,,,,
Canadian Women in STEM Scholarship,FIRST Robotics Canada,"$10,000",1/30/2025,"Associate degree, Bachelor",N/A,https://universitystudy.ca/scholarship/14586/,,,,,,,,,,,,,,,,,,,,,,,,,,,,,,,,,,,,
Cargill Scholarship,Cargill Limited,"$1,000",3/15/2024,Diploma,N/A,https://universitystudy.ca/scholarship/13558/,,,,,,,,,,,,,,,,,,,,,,,,,,,,,,,,,,,,
Cargill Scholarship,Cargill Limited,$500,3/15/2024,N/A,N/A,https://universitystudy.ca/scholarship/13661/,,,,,,,,,,,,,,,,,,,,,,,,,,,,,,,,,,,,
Cargill Scholarship,Cargill Limited,$500,3/15/2024,N/A,N/A,https://universitystudy.ca/scholarship/13662/,,,,,,,,,,,,,,,,,,,,,,,,,,,,,,,,,,,,
Cargill Scholarship,Cargill Limited,"$1,000",3/15/2024,Bachelor,N/A,https://universitystudy.ca/scholarship/13343/,,,,,,,,,,,,,,,,,,,,,,,,,,,,,,,,,,,,
"Carlo and Domenica Liburdi Memorial Award ($5,000 x 8 terms)",University of Windsor,"$10,000.00",4/30/2025,Bachelor,N/A,https://universitystudy.ca/scholarship/14166/,,,,,,,,,,,,,,,,,,,,,,,,,,,,,,,,,,,,
Carlson-Johnson Scholarship for Nontraditional Students,American Floral Endowment,N/A,4/30/2025,"Associate degree, Bachelor",N/A,https://universitystudy.ca/scholarship/12403/,,,,,,,,,,,,,,,,,,,,,,,,,,,,,,,,,,,,
Carnegie African Diaspora Fellowship,IIE,N/A,9/14/2024,N/A,N/A,https://universitystudy.ca/scholarship/12721/,,,,,,,,,,,,,,,,,,,,,,,,,,,,,,,,,,,,
Carol Inge Warren Scholarship,Pi Beta Phi Foundation,N/A,2/14/2026,Bachelor,Opening soon,https://universitystudy.ca/scholarship/12404/,,,,,,,,,,,,,,,,,,,,,,,,,,,,,,,,,,,,
Carollo Engineers Bryant L. Bench Scholarship,American Water Works Association,"$10,000",12/18/2025,Graduate degree,Open,https://universitystudy.ca/scholarship/12405/,,,,,,,,,,,,,,,,,,,,,,,,,,,,,,,,,,,,
Carolyn Pavletich Lesh Scholarship,Pi Beta Phi Foundation,N/A,2/14/2026,Bachelor,Opening soon,https://universitystudy.ca/scholarship/12406/,,,,,,,,,,,,,,,,,,,,,,,,,,,,,,,,,,,,
Casualty Actuaries of Greater New York Scholarship,Casualty Actuaries of Greater New York,"$5,000",12/14/2025,Bachelor,Open,https://universitystudy.ca/scholarship/15136/,,,,,,,,,,,,,,,,,,,,,,,,,,,,,,,,,,,,
CDM Smith Thomas R. Camp Scholarship,American Water Works Association,"$10,000",12/18/2025,Graduate degree,Open,https://universitystudy.ca/scholarship/12407/,,,,,,,,,,,,,,,,,,,,,,,,,,,,,,,,,,,,
"Cecil Houston Diaspora Scholarship ($1,000 x 2 terms)",University of Windsor,"$2,000.00",4/30/2025,Bachelor,N/A,https://universitystudy.ca/scholarship/14167/,,,,,,,,,,,,,,,,,,,,,,,,,,,,,,,,,,,,
Cenovus Energy STEM Scholarship,Cenovus,"$5,000",6/5/2024,Bachelor,N/A,https://universitystudy.ca/scholarship/13432/,,,,,,,,,,,,,,,,,,,,,,,,,,,,,,,,,,,,
Centuri Scholarship,Centuri Group,"$5,000",5/1/2025,"Pre university diploma, Apprenticeship program, Associate degree, Bachelor",N/A,https://universitystudy.ca/scholarship/12408/,,,,,,,,,,,,,,,,,,,,,,,,,,,,,,,,,,,,
Century Scholarship,American Library Association,"$2,500",2/28/2026,"Graduate degree, Phd",Open,https://universitystudy.ca/scholarship/15154/,,,,,,,,,,,,,,,,,,,,,,,,,,,,,,,,,,,,
Ceres Scholarship,Imperial College London,"$8,800",1/31/2025,Bachelor,N/A,https://universitystudy.ca/scholarship/14616/,,,,,,,,,,,,,,,,,,,,,,,,,,,,,,,,,,,,
CFUW Indigenous Women’s Award,Canadian Federation for University Women,"*Variable – up to $20,000. Renewable under certain conditions.",1/10/2024,Masters,N/A,https://universitystudy.ca/scholarship/13540/,,,,,,,,,,,,,,,,,,,,,,,,,,,,,,,,,,,,
CFUW Memorial Fellowship,Canadian Federation for University Women,"$8,000",1/10/2024,Masters,N/A,https://universitystudy.ca/scholarship/13547/,,,,,,,,,,,,,,,,,,,,,,,,,,,,,,,,,,,,
CGC Merit Scholarship,CGC Inc.,"$2,500",5/15/2024,"Bachelor, Diploma",N/A,https://universitystudy.ca/scholarship/13433/,,,,,,,,,,,,,,,,,,,,,,,,,,,,,,,,,,,,
Chapter 1 Detroit Associate Scholarship,SME Education Foundation,N/A,1/31/2026,"Pre university diploma, Apprenticeship program, Associate degree",Opening soon,https://universitystudy.ca/scholarship/12409/,,,,,,,,,,,,,,,,,,,,,,,,,,,,,,,,,,,,
Chapter 1 Detroit Graduate Scholarship,SME Education Foundation,N/A,1/31/2026,"Pre university diploma, Apprenticeship program, Associate degree, Bachelor, Graduate degree",Opening soon,https://universitystudy.ca/scholarship/12410/,,,,,,,,,,,,,,,,,,,,,,,,,,,,,,,,,,,,
Chapter 1 Detroit Undergraduate Scholarship,SME Education Foundation,N/A,1/31/2026,Bachelor,Opening soon,https://universitystudy.ca/scholarship/12411/,,,,,,,,,,,,,,,,,,,,,,,,,,,,,,,,,,,,
Chapter 6 Fairfield County Scholarship,SME Education Foundation,N/A,1/31/2026,"Associate degree, Bachelor",Opening soon,https://universitystudy.ca/scholarship/12412/,,,,,,,,,,,,,,,,,,,,,,,,,,,,,,,,,,,,
"Charles ""Chick"" Roberts Scholarship",American Water Works Association,"$5,000",12/18/2025,Graduate degree,Open,https://universitystudy.ca/scholarship/12413/,,,,,,,,,,,,,,,,,,,,,,,,,,,,,,,,,,,,
Charles C. Reid Scholarship,Alberta Golf Foundation,"$1,000",7/14/2026,"Pre university diploma, Apprenticeship program, Associate degree, Bachelor",N/A,https://universitystudy.ca/scholarship/15054/,,,,,,,,,,,,,,,,,,,,,,,,,,,,,,,,,,,,
Charles W. Finkl Scholarship,Forging Industry Association,"$4,000",4/13/2026,Bachelor,N/A,https://universitystudy.ca/scholarship/15090/,,,,,,,,,,,,,,,,,,,,,,,,,,,,,,,,,,,,
Chevron Canada Limited Scholarship Plan,Chevron Canada Limited,"$2,000",5/1/2024,"Bachelor, Diploma",N/A,https://universitystudy.ca/scholarship/13441/,,,,,,,,,,,,,,,,,,,,,,,,,,,,,,,,,,,,
Chevron Scholarship,Chevron Canada Resources,"$2,000",3/15/2024,"Bachelor, Diploma",N/A,https://universitystudy.ca/scholarship/13435/,,,,,,,,,,,,,,,,,,,,,,,,,,,,,,,,,,,,
Chevron Scholarship,Chevron Canada Resources,"$2,000",3/15/2024,"Bachelor, Diploma",N/A,https://universitystudy.ca/scholarship/13436/,,,,,,,,,,,,,,,,,,,,,,,,,,,,,,,,,,,,
Children's Aid Foundation of Canada Scholarship,Children's Aid Foundation of Canada,"$5,000",1/24/2025,"Applied bachelor, Apprenticeship program, Associate degree, Bachelor, Certificate, Dec bacc, Diploma, Masters, Medical doctorate, Phd, Postdoctoral fellowship, Pre university diploma, Professional degree, Technical diploma, Vocational technical",N/A,https://universitystudy.ca/scholarship/12748/,,,,,,,,,,,,,,,,,,,,,,,,,,,,,,,,,,,,
Christa Spahmann Memorial Scholarship,Alberta Golf Foundation,"$1,000",7/14/2026,"Pre university diploma, Apprenticeship program, Associate degree, Bachelor",N/A,https://universitystudy.ca/scholarship/15055/,,,,,,,,,,,,,,,,,,,,,,,,,,,,,,,,,,,,
Christopher Hoy Scholarship,American Library Association,"$5,000",2/28/2026,Graduate degree,Open,https://universitystudy.ca/scholarship/12414/,,,,,,,,,,,,,,,,,,,,,,,,,,,,,,,,,,,,
Chubb - William J. Clagnaz Memorial Scholarship,Spencer Educational Foundation,N/A,1/30/2026,"Pre university diploma, Apprenticeship program, Associate degree, Bachelor",Open,https://universitystudy.ca/scholarship/12415/,,,,,,,,,,,,,,,,,,,,,,,,,,,,,,,,,,,,
CIBC Capital Markets Inclusion Scholarship,CIBC,"$10,000",5/6/2024,Bachelor,N/A,https://universitystudy.ca/scholarship/13409/,,,,,,,,,,,,,,,,,,,,,,,,,,,,,,,,,,,,
CIBC Commercial Banking and Wealth Management Scholarship,CIBC,"$10,000",1/24/2025,N/A,N/A,https://universitystudy.ca/scholarship/12742/,,,,,,,,,,,,,,,,,,,,,,,,,,,,,,,,,,,,
CIBC Commercial Banking and Wealth Management Scholarship for Black and Indigenous Students,CIBC,"$10,000",1/25/2024,Bachelor,N/A,https://universitystudy.ca/scholarship/13412/,,,,,,,,,,,,,,,,,,,,,,,,,,,,,,,,,,,,
CIP Diversity Impact Bursary,CIP/ICU Planning Student Trust Fund,"$5,000",10/9/2025,"Bachelor, Graduate degree",N/A,https://universitystudy.ca/scholarship/15056/,,,,,,,,,,,,,,,,,,,,,,,,,,,,,,,,,,,,
"CIP Equity, Diversity, Inclusion, and Accessibility in Planning Scholarship",CIP/ICU Planning Student Trust Fund,"$5,000",2/14/2026,"Bachelor, Graduate degree",N/A,https://universitystudy.ca/scholarship/15057/,,,,,,,,,,,,,,,,,,,,,,,,,,,,,,,,,,,,
CIP Healthy Communities Planning Scholarship,CIP/ICU Planning Student Trust Fund,"$5,000",2/14/2026,"Bachelor, Graduate degree",N/A,https://universitystudy.ca/scholarship/15058/,,,,,,,,,,,,,,,,,,,,,,,,,,,,,,,,,,,,
CIP Indigenous Communities Planning Scholarship,CIP/ICU Planning Student Trust Fund,"$5,000",2/14/2026,"Bachelor, Graduate degree",N/A,https://universitystudy.ca/scholarship/15060/,,,,,,,,,,,,,,,,,,,,,,,,,,,,,,,,,,,,
CIP-PSTF Excellence in Planning Research Scholarship,CIP/ICU Planning Student Trust Fund,"$6,000",2/14/2026,"Bachelor, Graduate degree",N/A,https://universitystudy.ca/scholarship/15061/,,,,,,,,,,,,,,,,,,,,,,,,,,,,,,,,,,,,
CIP-PSTF Excellence in Planning Research Scholarship,CIP/ICU Planning Student Trust Fund,$6.00,2/15/2026,"Bachelor, Masters",N/A,https://universitystudy.ca/scholarship/14860/,,,,,,,,,,,,,,,,,,,,,,,,,,,,,,,,,,,,
CIP-PSTF Innovation in Planning Scholarship,CIP/ICU Planning Student Trust Fund,"$3,000",2/14/2026,"Bachelor, Graduate degree",N/A,https://universitystudy.ca/scholarship/15062/,,,,,,,,,,,,,,,,,,,,,,,,,,,,,,,,,,,,
Clancy Fisher Award,University of Windsor,"$1,400.00",4/30/2025,Bachelor,N/A,https://universitystudy.ca/scholarship/14168/,,,,,,,,,,,,,,,,,,,,,,,,,,,,,,,,,,,,
Clara Brownlee Hutchinson Scholarship,Pi Beta Phi Foundation,N/A,2/14/2026,Bachelor,Opening soon,https://universitystudy.ca/scholarship/12416/,,,,,,,,,,,,,,,,,,,,,,,,,,,,,,,,,,,,
Clare E. and Anne Winterbottom Scholarship ($1300 x 2 terms),University of Windsor,"$2,600.00",4/30/2025,Bachelor,N/A,https://universitystudy.ca/scholarship/14169/,,,,,,,,,,,,,,,,,,,,,,,,,,,,,,,,,,,,
Clifton Foundation,Pathways to Education Canada,"$9,000",7/4/2024,"Bachelor, Diploma",N/A,https://universitystudy.ca/scholarship/13495/,,,,,,,,,,,,,,,,,,,,,,,,,,,,,,,,,,,,
Cmolik Scholarship Program,The Cmolik Foundation,"$45,000",2/6/2025,Bachelor,N/A,https://universitystudy.ca/scholarship/12746/,,,,,,,,,,,,,,,,,,,,,,,,,,,,,,,,,,,,
CNOOC International Scholarship – Bill Woodward School,CNOOC Petroleum North America ULC,$750,7/24/2024,Apprenticeship program,N/A,https://universitystudy.ca/scholarship/13318/,,,,,,,,,,,,,,,,,,,,,,,,,,,,,,,,,,,,
CNOOC International Scholarship – Bill Woodward School,CNOOC Petroleum North America ULC,"$2,500",7/24/2024,"Bachelor, Diploma",N/A,https://universitystudy.ca/scholarship/13464/,,,,,,,,,,,,,,,,,,,,,,,,,,,,,,,,,,,,
CNOOC International Scholarship – Bill Woodward School,CNOOC Petroleum North America ULC,"$2,500",7/24/2024,Certificate,N/A,https://universitystudy.ca/scholarship/13541/,,,,,,,,,,,,,,,,,,,,,,,,,,,,,,,,,,,,
CNOOC Petroleum North America ULC Scholarship Program for Dependent Children of Employees,CNOOC Petroleum North America ULC,"$2,000",9/25/2024,"Bachelor, Diploma",N/A,https://universitystudy.ca/scholarship/13465/,,,,,,,,,,,,,,,,,,,,,,,,,,,,,,,,,,,,
CodeWizardsHQ Educational Scholarship,CodeWizardsHQ,"$2,500",4/30/2026,N/A,Open,https://universitystudy.ca/scholarship/12417/,,,,,,,,,,,,,,,,,,,,,,,,,,,,,,,,,,,,
"Colgate-Palmolive Canada Inc. Scholarship and Hill's Pet Nutrition Canada, Inc. Scholarship",Colgate-Palmolive Canada Inc.,$500,5/1/2024,Diploma,N/A,https://universitystudy.ca/scholarship/13564/,,,,,,,,,,,,,,,,,,,,,,,,,,,,,,,,,,,,
"Colgate-Palmolive Canada Inc. Scholarship and Hill's Pet Nutrition Canada, Inc. Scholarship",Colgate-Palmolive Canada Inc.,$500,5/1/2024,Diploma,N/A,https://universitystudy.ca/scholarship/13565/,,,,,,,,,,,,,,,,,,,,,,,,,,,,,,,,,,,,
"Colgate-Palmolive Canada Inc. Scholarship and Hill's Pet Nutrition Canada, Inc. Scholarship",Colgate-Palmolive Canada Inc.,"$1,000",5/1/2024,Bachelor,N/A,https://universitystudy.ca/scholarship/13352/,,,,,,,,,,,,,,,,,,,,,,,,,,,,,,,,,,,,
"Colgate-Palmolive Canada Inc. Scholarship and Hill's Pet Nutrition Canada, Inc. Scholarship",Colgate-Palmolive Canada Inc.,"$1,000",5/1/2024,Bachelor,N/A,https://universitystudy.ca/scholarship/13353/,,,,,,,,,,,,,,,,,,,,,,,,,,,,,,,,,,,,
College of Fellows Undergraduate Bursary,CIP/ICU Planning Student Trust Fund,"$5,000",10/9/2025,Bachelor,N/A,https://universitystudy.ca/scholarship/15063/,,,,,,,,,,,,,,,,,,,,,,,,,,,,,,,,,,,,
Community Leaders Scholarship,BluEarth Renewables Inc,N/A,N/A,N/A,N/A,https://universitystudy.ca/scholarship/12697/,,,,,,,,,,,,,,,,,,,,,,,,,,,,,,,,,,,,
Community Leaders Scholarship,BluEarth Renewables,"$3,000",9/14/2025,"Associate degree, Bachelor",N/A,https://universitystudy.ca/scholarship/14807/,,,,,,,,,,,,,,,,,,,,,,,,,,,,,,,,,,,,
Community Leaders Scholarship,BluEarth Renewables Inc,$3,N/A,N/A,N/A,https://universitystudy.ca/scholarship/14507/,,,,,,,,,,,,,,,,,,,,,,,,,,,,,,,,,,,,
Compass Group Scholarship,Compass Group,"$2,000",5/15/2024,"Certificate, Diploma",N/A,https://universitystudy.ca/scholarship/13546/,,,,,,,,,,,,,,,,,,,,,,,,,,,,,,,,,,,,
Compass Group Scholarship,Compass Group,"$2,000",5/15/2024,"Bachelor, Diploma",N/A,https://universitystudy.ca/scholarship/13443/,,,,,,,,,,,,,,,,,,,,,,,,,,,,,,,,,,,,
Compass Group Scholarship,Compass Group,"$2,000",5/15/2024,"Bachelor, Diploma",N/A,https://universitystudy.ca/scholarship/13444/,,,,,,,,,,,,,,,,,,,,,,,,,,,,,,,,,,,,
Connor/Spafford Scholarship,Golf Canada Foundation,N/A,N/A,N/A,N/A,https://universitystudy.ca/scholarship/12708/,,,,,,,,,,,,,,,,,,,,,,,,,,,,,,,,,,,,
Connor/Spafford Scholarship,Golf Canada Foundation,N/A,N/A,N/A,N/A,https://universitystudy.ca/scholarship/12709/,,,,,,,,,,,,,,,,,,,,,,,,,,,,,,,,,,,,
Couche-Tard/Circle K Scholarship Program,Couche-Tard Inc.,"$1,750",4/1/2024,Diploma,N/A,https://universitystudy.ca/scholarship/13603/,,,,,,,,,,,,,,,,,,,,,,,,,,,,,,,,,,,,
Couche-Tard/Circle K Scholarship Program,Couche-Tard Inc.,$500,4/1/2024,N/A,N/A,https://universitystudy.ca/scholarship/13627/,,,,,,,,,,,,,,,,,,,,,,,,,,,,,,,,,,,,
Couche-Tard/Circle K Scholarship Program,Couche-Tard Inc.,"$2,500",4/1/2024,N/A,N/A,https://universitystudy.ca/scholarship/13672/,,,,,,,,,,,,,,,,,,,,,,,,,,,,,,,,,,,,
"CouponBirds ""Help to Save"" Scholarship",CouponBirds,N/A,N/A,N/A,N/A,https://universitystudy.ca/scholarship/12672/,,,,,,,,,,,,,,,,,,,,,,,,,,,,,,,,,,,,
Cpl. Andrew Paul Grenon Award,University of Windsor,"$1,000.00",9/30/2025,Bachelor,N/A,https://universitystudy.ca/scholarship/14170/,,,,,,,,,,,,,,,,,,,,,,,,,,,,,,,,,,,,
CRH Canada Bridge Scholarship Program,CRH Canada Group Inc.,"$3,000",5/15/2024,"Bachelor, Diploma, Technical diploma, Vocational technical",N/A,https://universitystudy.ca/scholarship/13615/,,,,,,,,,,,,,,,,,,,,,,,,,,,,,,,,,,,,
CSGA Centennial Scholarship,Golf Canada Foundation,N/A,N/A,N/A,N/A,https://universitystudy.ca/scholarship/12701/,,,,,,,,,,,,,,,,,,,,,,,,,,,,,,,,,,,,
CSGA Jim Fraser Scholarship,Golf Canada Foundation,N/A,N/A,N/A,N/A,https://universitystudy.ca/scholarship/12707/,,,,,,,,,,,,,,,,,,,,,,,,,,,,,,,,,,,,
CST Bursary Award Scholarship,CST Foundation,"$6,000",4/24/2025,"Pre university diploma, Apprenticeship program, Associate degree, Bachelor",N/A,https://universitystudy.ca/scholarship/14587/,,,,,,,,,,,,,,,,,,,,,,,,,,,,,,,,,,,,
CST Founders' Award,The Canadian Scholarship Trust Foundation (CST),"$7,000",4/25/2025,N/A,N/A,https://universitystudy.ca/scholarship/14752/,,,,,,,,,,,,,,,,,,,,,,,,,,,,,,,,,,,,
Cytec Canada Scholarship,Solvay,"$2,000",5/1/2024,"Bachelor, Diploma",N/A,https://universitystudy.ca/scholarship/13438/,,,,,,,,,,,,,,,,,,,,,,,,,,,,,,,,,,,,
Daley & Tshuma Scholarship Foundation,Daley & Tshuma Scholarship Foundation,N/A,8/14/2024,N/A,N/A,https://universitystudy.ca/scholarship/12717/,,,,,,,,,,,,,,,,,,,,,,,,,,,,,,,,,,,,
Dallas Alumnae Club/Ann Dudgeon Phy Scholarship,Pi Beta Phi Foundation,N/A,2/14/2026,Bachelor,Opening soon,https://universitystudy.ca/scholarship/12419/,,,,,,,,,,,,,,,,,,,,,,,,,,,,,,,,,,,,
Daniel K. Shipp Scholarship,International Safety Equipment Association Foundation,"$5,000",10/31/2025,Bachelor,Closing soon,https://universitystudy.ca/scholarship/12420/,,,,,,,,,,,,,,,,,,,,,,,,,,,,,,,,,,,,
Dave Ellingson Scholarship for Environmental Studies,Trinity Education Foundation,"$5,000",4/13/2025,"Associate degree, Bachelor",N/A,https://universitystudy.ca/scholarship/14683/,,,,,,,,,,,,,,,,,,,,,,,,,,,,,,,,,,,,
David Alan Quick Scholarship,Experimental Aircraft Association,N/A,12/18/2025,Bachelor,Open,https://universitystudy.ca/scholarship/15137/,,,,,,,,,,,,,,,,,,,,,,,,,,,,,,,,,,,,
,,,,,,,,,,,,,,,,,,,,,,,,,,,,,,,,,,,,,,,,,,
David H. Clift Scholarship,American Library Association,"3,000",02/28/2026,Graduatedegree,Open,"https://universitystudy.ca/scholarship/12422/""DavidJ.ChellmanScholarship",ASMInternational,"3,000",02/28/2026,Graduatedegree,Open,"https://universitystudy.ca/scholarship/12422/""DavidJ.ChellmanScholarship",ASMInternational,"2,500",02/27/2026,Bachelor,Open,https://universitystudy.ca/scholarship/12423/,,,,,,,,,,,,,,,,,,,,,,,,
David Laine Intern and Scholarship Program,North American Die Casting Association,N/A,09/30/2025,"Bachelor, Graduate degree, Phd",N/A,https://universitystudy.ca/scholarship/15157/,,,,,,,,,,,,,,,,,,,,,,,,,,,,,,,,,,,,
David Mineck Memorial Scholarship,Experimental Aircraft Association,N/A,12/18/2025,"Pre university diploma, Apprenticeship program, Associate degree, Bachelor",Open,https://universitystudy.ca/scholarship/15138/,,,,,,,,,,,,,,,,,,,,,,,,,,,,,,,,,,,,
David Palubeski Bursary,CIP/ICU Planning Student Trust Fund,"5,000",10/09/2025,Graduatedegree,N/A,"https://universitystudy.ca/scholarship/15064/""DeBeersGroupScholarshipsforCanadianWomen",DeBeersGroup,"5,000",10/09/2025,Graduatedegree,N/A,"https://universitystudy.ca/scholarship/15064/""DeBeersGroupScholarshipsforCanadianWomen",DeBeersGroup,"4,500",N/A,N/A,N/A,https://universitystudy.ca/scholarship/14520/,,,,,,,,,,,,,,,,,,,,,,,,
Dean Connor Sun Life Inclusion Scholarship & Internship for Black and Indigenous Students,Sun Life,"5,000",07/31/2025,N/A,N/A,"https://universitystudy.ca/scholarship/14801/""DeanofSocialScienceEntranceAward",UniversityofWindsor,"5,000",07/31/2025,N/A,N/A,"https://universitystudy.ca/scholarship/14801/""DeanofSocialScienceEntranceAward",UniversityofWindsor,700,04/30/2025,Bachelor,N/A,https://universitystudy.ca/scholarship/14171/,,,,,,,,,,,,,,,,,,,,,,,,
"Dean's Renewable Entrance Scholarship (

        
1250x8terms)",UniversityofWindsor,1250x8terms),UniversityofWindsor,"2,500.00",04/30/2025,Bachelor,"https://universitystudy.ca/scholarship/14172/
",,,,,,,,,,,,,,,,,,,,,,,,,,,,,,,,,,,
Delta Gamma Undergraduate Merit-Based Scholarship,Delta Gamma Foundation,N/A,02/28/2025,Bachelor,N/A,https://universitystudy.ca/scholarship/12424/,,,,,,,,,,,,,,,,,,,,,,,,,,,,,,,,,,,,
Dendel Scholarship,Handweavers Guild of America,N/A,01/31/2026,"Associate degree, Bachelor, Graduate degree",N/A,https://universitystudy.ca/scholarship/15133/,,,,,,,,,,,,,,,,,,,,,,,,,,,,,,,,,,,,
Dennis Schoepp Memorial Scholarship,Funeral Service Foundation,"5,000",10/31/2025,"Associatedegree,Bachelor",Closingsoon,"https://universitystudy.ca/scholarship/15150/""DenverWaterCentennialScholarship",AmericanWaterWorksAssociation,"5,000",10/31/2025,"Associatedegree,Bachelor",Closingsoon,"https://universitystudy.ca/scholarship/15150/""DenverWaterCentennialScholarship",AmericanWaterWorksAssociation,"5,000",12/18/2025,"Bachelor, Graduate degree",Open,https://universitystudy.ca/scholarship/12425/,,,,,,,,,,,,,,,,,,,,,,,,
Desk and Derrick Educational Trust Scholarship,Association of Desk and Derrick Clubs,N/A,03/31/2026,"Bachelor, Graduate degree, Phd",Open,https://universitystudy.ca/scholarship/12426/,,,,,,,,,,,,,,,,,,,,,,,,,,,,,,,,,,,,
DEWALT Trades Scholarship,DeWalt,"5,000",01/15/2025,"Preuniversitydiploma,Apprenticeshipprogram,Associatedegree",N/A,"https://universitystudy.ca/scholarship/14588/""DiageoCanadaInc.Scholarship",DiageoCanadaInc.,"5,000",01/15/2025,"Preuniversitydiploma,Apprenticeshipprogram,Associatedegree",N/A,"https://universitystudy.ca/scholarship/14588/""DiageoCanadaInc.Scholarship",DiageoCanadaInc.,"2,000",05/01/2024,"Bachelor, Diploma",N/A,https://universitystudy.ca/scholarship/13437/,,,,,,,,,,,,,,,,,,,,,,,,
Diaspora Admission Scholarship,University of Windsor,"1,000.00",09/30/2025,Bachelor,N/A,"https://universitystudy.ca/scholarship/14173/""DietrichV.AstenMemorialScholarship",AstenJohnsonInc.,"1,000.00",09/30/2025,Bachelor,N/A,"https://universitystudy.ca/scholarship/14173/""DietrichV.AstenMemorialScholarship",AstenJohnsonInc.,"1,000",05/01/2024,Diploma,N/A,https://universitystudy.ca/scholarship/13568/,,,,,,,,,,,,,,,,,,,,,,,,
Dietrich V. Asten Memorial Scholarship,AstenJohnson Inc.,"2,000",05/01/2024,Bachelor,N/A,"https://universitystudy.ca/scholarship/13358/""DigitalNovaScotiaTechQuityAward",TheCommunityFoundationofNovaScotia,"2,000",05/01/2024,Bachelor,N/A,"https://universitystudy.ca/scholarship/13358/""DigitalNovaScotiaTechQuityAward",TheCommunityFoundationofNovaScotia,"5,000",05/21/2025,"Pre university diploma, Apprenticeship program, Associate degree, Bachelor",N/A,https://universitystudy.ca/scholarship/14941/,,,,,,,,,,,,,,,,,,,,,,,,
DiversABILITY Community Leader Scholarship,Export Development Canada,N/A,04/30/2025,N/A,N/A,https://universitystudy.ca/scholarship/14731/,,,,,,,,,,,,,,,,,,,,,,,,,,,,,,,,,,,,
Dmytro and Slava Jarosewycz Memorial Scholarship,Ukrainian National Association,"1,000",05/31/2025,"Associatedegree,Bachelor",N/A,"https://universitystudy.ca/scholarship/15164/""DomtarExcellenceinEducationScholarship",DomtarInc.,"1,000",05/31/2025,"Associatedegree,Bachelor",N/A,"https://universitystudy.ca/scholarship/15164/""DomtarExcellenceinEducationScholarship",DomtarInc.,"2,000",05/15/2024,Bachelor,N/A,https://universitystudy.ca/scholarship/13370/,,,,,,,,,,,,,,,,,,,,,,,,
Domtar Excellence in Education Scholarship,Domtar Inc.,"2,000",05/15/2024,Bachelor,N/A,"https://universitystudy.ca/scholarship/13371/""DomtarExcellenceinEducationScholarship",DomtarInc.,"2,000",05/15/2024,Bachelor,N/A,"https://universitystudy.ca/scholarship/13371/""DomtarExcellenceinEducationScholarship",DomtarInc.,"2,000",05/15/2024,Bachelor,N/A,https://universitystudy.ca/scholarship/13428/,,,,,,,,,,,,,,,,,,,,,,,,
Don B. Daily Safety Grant,Association for Iron and Steel Technology,"20,000",06/29/2026,N/A,Open,"https://universitystudy.ca/scholarship/12428/""DonB.DailySafetySteelInternScholarship",AssociationforIronandSteelTechnology,"20,000",06/29/2026,N/A,Open,"https://universitystudy.ca/scholarship/12428/""DonB.DailySafetySteelInternScholarship",AssociationforIronandSteelTechnology,"7,500",10/13/2025,"Bachelor, Graduate degree",N/A,https://universitystudy.ca/scholarship/12429/,,,,,,,,,,,,,,,,,,,,,,,,
Donald N. Smith Endowed Scholarship,SME Education Foundation,N/A,01/31/2026,"Associate degree, Bachelor",Opening soon,https://universitystudy.ca/scholarship/12427/,,,,,,,,,,,,,,,,,,,,,,,,,,,,,,,,,,,,
Donald O. Henry Fellowship,The American Center of Research,500,02/14/2026,N/A,Open,"https://universitystudy.ca/scholarship/14589/""DonaldStuartMcIntyreBursary",UniversityofWindsor,500,02/14/2026,N/A,Open,"https://universitystudy.ca/scholarship/14589/""DonaldStuartMcIntyreBursary",UniversityofWindsor,400,04/30/2025,Bachelor,N/A,https://universitystudy.ca/scholarship/14174/,,,,,,,,,,,,,,,,,,,,,,,,
Dorothy F. Coyle and Mary Ann Coyle Janci Bursary,University of Windsor,750,06/30/2025,Bachelor,N/A,"https://universitystudy.ca/scholarship/14175/""DorothyKillamFellowship",NationalKillamProgramAwards,N/A,05/22/2025,Postdoctoralfellowship,N/A,"https://universitystudy.ca/scholarship/14770/""DorothyNelsenHunterMemorialScholarship",PiBetaPhiFoundation,N/A,02/14/2026,Bachelor,Openingsoon,"https://universitystudy.ca/scholarship/12430/""DouglasParnhamMemorialScholarship",CalgaryFoundation,750,06/30/2025,Bachelor,N/A,"https://universitystudy.ca/scholarship/14175/""DorothyKillamFellowship",NationalKillamProgramAwards,N/A,05/22/2025,Postdoctoralfellowship,N/A,"https://universitystudy.ca/scholarship/14770/""DorothyNelsenHunterMemorialScholarship",PiBetaPhiFoundation,N/A,02/14/2026,Bachelor,Openingsoon,"https://universitystudy.ca/scholarship/12430/""DouglasParnhamMemorialScholarship",CalgaryFoundation,"1,000",05/14/2025,"Bachelor, Graduate degree",N/A,https://universitystudy.ca/scholarship/12431/
Dr Peter Bowen Memorial Scholarship,Spina Bifida and Hydrocephalus Assoc. of Northern Alberta,N/A,N/A,N/A,N/A,https://universitystudy.ca/scholarship/14500/,,,,,,,,,,,,,,,,,,,,,,,,,,,,,,,,,,,,
Dr Peter Bowen Memorial Scholarship,Spina Bifida and Hydrocephalus Association of Northern Alberta,"1,000",08/30/2025,N/A,N/A,"https://universitystudy.ca/scholarship/12773/""DrPeterBowenMemorialScholarship",SpinaBifidaandHydrocephalusAssoc.ofNorthernAlberta,N/A,N/A,N/A,N/A,"https://universitystudy.ca/scholarship/12676/""Dr.AliceE.WilsonAwards",CanadianFederationforUniversityWomen,"1,000",08/30/2025,N/A,N/A,"https://universitystudy.ca/scholarship/12773/""DrPeterBowenMemorialScholarship",SpinaBifidaandHydrocephalusAssoc.ofNorthernAlberta,N/A,N/A,N/A,N/A,"https://universitystudy.ca/scholarship/12676/""Dr.AliceE.WilsonAwards",CanadianFederationforUniversityWomen,"5,000",01/10/2024,"Masters, Phd",N/A,https://universitystudy.ca/scholarship/13664/,,,,,,,,,,,,
Dr. Anne P. Forrest Entrance Scholarship in Women's & Gender Studies/Bachelor of Commerce,University of Windsor,"1,500.00",04/30/2025,Bachelor,N/A,"https://universitystudy.ca/scholarship/14176/""Dr.ArthurA.KezianDDSScienceScholarship",Dr.ArthurA.KezianDDS,"1,500.00",04/30/2025,Bachelor,N/A,"https://universitystudy.ca/scholarship/14176/""Dr.ArthurA.KezianDDSScienceScholarship",Dr.ArthurA.KezianDDS,"1,200",03/30/2026,"Bachelor, Graduate degree",Opening soon,https://universitystudy.ca/scholarship/12432/,,,,,,,,,,,,,,,,,,,,,,,,
Dr. Lillian McCarthy Scholarship,University of Windsor,"1,000.00",04/30/2025,Bachelor,N/A,"https://universitystudy.ca/scholarship/14178/""Dr.MargaretAllemangScholarship",CanadianAssociationfortheHistoryofNursing,N/A,03/30/2025,"Graduatedegree,Phd",N/A,"https://universitystudy.ca/scholarship/12433/""Dr.MargaretMcWilliamsPre−DoctoralFellowship",CanadianFederationforUniversityWomen,"1,000.00",04/30/2025,Bachelor,N/A,"https://universitystudy.ca/scholarship/14178/""Dr.MargaretAllemangScholarship",CanadianAssociationfortheHistoryofNursing,N/A,03/30/2025,"Graduatedegree,Phd",N/A,"https://universitystudy.ca/scholarship/12433/""Dr.MargaretMcWilliamsPre−DoctoralFellowship",CanadianFederationforUniversityWomen,"11,000",01/10/2024,"Phd, Postdoctoral fellowship",N/A,https://universitystudy.ca/scholarship/13618/,,,,,,,,,,,,
Dr. Peter Bowen Memorial Scholarship,Spina Bifida and Hydrocephalus Association of Northern Alberta,N/A,07/30/2025,"Pre university diploma, Apprenticeship program, Associate degree, Bachelor",N/A,https://universitystudy.ca/scholarship/14942/,,,,,,,,,,,,,,,,,,,,,,,,,,,,,,,,,,,,
Dr. Philip C. Singer Scholarship,American Water Works Association,"3,000",12/18/2025,Graduatedegree,Open,"https://universitystudy.ca/scholarship/12434/""Dr.RoyJ.CoyleMemorialBursary",UniversityofWindsor,"3,000",12/18/2025,Graduatedegree,Open,"https://universitystudy.ca/scholarship/12434/""Dr.RoyJ.CoyleMemorialBursary",UniversityofWindsor,900,04/30/2025,Bachelor,N/A,https://universitystudy.ca/scholarship/141,,,,,,,,,,,,,,,,,,,,,,,,